{
    "joint_offset_deg": [
        3.011122535879909,
        8.126010461158709e-13,
        0.988678507353087,
        1.988605045527203,
        -3.029810232356775,
        1.9877303626471428,
        0.9988090440847824,
        -1.987614933047478,
        -1.013983506103679,
        3.003981925185121,
        1.9999999999819695,
        -4.009737334397931,
        1.9913281295339027,
        -1.9789550359827257
    ],
    "right_arm_joint_offset_deg": [
        3.011122535879909,
        8.126010461158709e-13,
        0.988678507353087,
        1.988605045527203,
        -3.029810232356775,
        1.9877303626471428,
        0.9988090440847824
    ],
    "left_arm_joint_offset_deg": [
        -1.987614933047478,
        -1.013983506103679,
        3.003981925185121,
        1.9999999999819695,
        -4.009737334397931,
        1.9913281295339027,
        -1.9789550359827257
    ],
    "head_joint_offset_deg": [
        2.000000795389233,
        -1.478345409956858
    ],
    "xi_cam": [
        0.0,
        0.0,
        0.0,
        0.0,
        0.0,
        0.0
    ],
    "measurement_noise": {
        "measurement_noise_enabled": true,
        "measurement_noise_rot_std_rad": 0.008573610289758926,
        "measurement_noise_rot_std_deg": 0.49123168479312124,
        "measurement_noise_pos_std_m": 0.00048772695996657266,
        "measurement_noise_pos_std_mm": 0.48772695996657267,
        "measurement_noise_max_rot_std_rad": 0.03490658503988659,
        "measurement_noise_max_rot_std_deg": 2.0,
        "measurement_noise_max_pos_std_m": 0.001,
        "measurement_noise_max_pos_std_mm": 1.0
    },
    "xi_mount_cam": [
        0.0,
        0.0,
        0.0,
        0.0,
        0.0,
        0.0
    ]
}