{
    "joint_offset_deg": [
        2.9979971582427516,
        4.1489201097927665e-10,
        0.9766721902059714,
        4.990000000523134,
        -2.880081982165338,
        0.009999999940706706,
        1.6828894445454345,
        -2.029010915092443,
        -1.0447234901589877,
        2.9331686103478214,
        1.9900000001126301,
        -4.051274779916771,
        0.009999999903966935,
        -2.8089946626726183
    ],
    "right_arm_joint_offset_deg": [
        2.9979971582427516,
        4.1489201097927665e-10,
        0.9766721902059714,
        4.990000000523134,
        -2.880081982165338,
        0.009999999940706706,
        1.6828894445454345
    ],
    "left_arm_joint_offset_deg": [
        -2.029010915092443,
        -1.0447234901589877,
        2.9331686103478214,
        1.9900000001126301,
        -4.051274779916771,
        0.009999999903966935,
        -2.8089946626726183
    ],
    "head_joint_offset_deg": null,
    "xi_cam": [
        0.0,
        0.0,
        0.0,
        0.0,
        0.0,
        0.0
    ],
    "measurement_noise": {
        "measurement_noise_enabled": true,
        "measurement_noise_rot_std_rad": 0.03179597390352028,
        "measurement_noise_rot_std_deg": 1.8217751101798172,
        "measurement_noise_pos_std_m": 0.0009999847412109374,
        "measurement_noise_pos_std_mm": 0.9999847412109375,
        "measurement_noise_max_rot_std_rad": 0.03490658503988659,
        "measurement_noise_max_rot_std_deg": 2.0,
        "measurement_noise_max_pos_std_m": 0.001,
        "measurement_noise_max_pos_std_mm": 1.0
    },
    "xi_head_base_cam": [
        0.0,
        0.0,
        0.0,
        0.0,
        0.0,
        0.0
    ]
}