{
    "joint_offset_deg": [
        -0.4304170152339545,
        3.2074048087408014,
        2.3241977376940004,
        0.4961746956898896,
        0.7426297851264544,
        5.366439920618791,
        -2.348460969514622,
        0.5884355038469405,
        -0.9691486308640417,
        -0.7142872594308745,
        0.7026489623137813,
        4.072023934216732,
        -2.9949942381661896,
        -3.4974690667603645
    ],
    "right_arm_joint_offset_deg": [
        -0.4304170152339545,
        3.2074048087408014,
        2.3241977376940004,
        0.4961746956898896,
        0.7426297851264544,
        5.366439920618791,
        -2.348460969514622
    ],
    "left_arm_joint_offset_deg": [
        0.5884355038469405,
        -0.9691486308640417,
        -0.7142872594308745,
        0.7026489623137813,
        4.072023934216732,
        -2.9949942381661896,
        -3.4974690667603645
    ],
    "head_joint_offset_deg": [
        1.1638434132204347,
        0.32605935030146665
    ],
    "xi_cam": [
        0.0,
        0.0,
        0.0,
        0.0,
        0.0,
        0.0
    ],
    "measurement_noise": {
        "measurement_noise_enabled": true,
        "measurement_noise_rot_std_rad": 0.034906585039886584,
        "measurement_noise_rot_std_deg": 1.9999999999999996,
        "measurement_noise_pos_std_m": 0.00022003396776645363,
        "measurement_noise_pos_std_mm": 0.22003396776645362,
        "measurement_noise_max_rot_std_rad": 0.03490658503988659,
        "measurement_noise_max_rot_std_deg": 2.0,
        "measurement_noise_max_pos_std_m": 0.001,
        "measurement_noise_max_pos_std_mm": 1.0
    },
    "xi_mount_cam": [
        0.0,
        0.0,
        0.0,
        0.0,
        0.0,
        0.0
    ]
}