{
    "joint_offset_deg": [
        -13.835609388022457,
        -2.449996656667049e-06,
        -30.23835910231725,
        1.9999920732137382,
        33.88138106501614,
        72.8604509551198,
        -81.00379309642598,
        -144.20762497624793,
        -10.00001967694303,
        180.00001939673075,
        2.0000277028914053,
        12.940643063229924,
        110.00000176733842,
        -154.999999308151
    ],
    "right_arm_joint_offset_deg": [
        -13.835609388022457,
        -2.449996656667049e-06,
        -30.23835910231725,
        1.9999920732137382,
        33.88138106501614,
        72.8604509551198,
        -81.00379309642598
    ],
    "left_arm_joint_offset_deg": [
        -144.20762497624793,
        -10.00001967694303,
        180.00001939673075,
        2.0000277028914053,
        12.940643063229924,
        110.00000176733842,
        -154.999999308151
    ],
    "head_joint_offset_deg": null,
    "xi_cam": [
        0.0,
        0.0,
        0.0,
        0.0,
        0.0,
        0.0
    ],
    "measurement_noise": {
        "measurement_noise_enabled": true,
        "measurement_noise_rot_std_rad": 0.034906585039886584,
        "measurement_noise_rot_std_deg": 1.9999999999999996,
        "measurement_noise_pos_std_m": 0.001,
        "measurement_noise_pos_std_mm": 1.0,
        "measurement_noise_max_rot_std_rad": 0.03490658503988659,
        "measurement_noise_max_rot_std_deg": 2.0,
        "measurement_noise_max_pos_std_m": 0.001,
        "measurement_noise_max_pos_std_mm": 1.0
    },
    "xi_head_base_cam": [
        0.0,
        0.0,
        0.0,
        0.0,
        0.0,
        0.0
    ]
}