{
    "joint_offset_deg": [
        2.9940627087431313,
        0.017491792791507237,
        0.9874925823238226,
        1.9992579386967921,
        -3.01842079424328,
        1.9819526555089455,
        1.0412906943406741,
        -2.011383539828865,
        -0.9996834500539608,
        3.0059828683736454,
        2.000001813052169,
        -4.0126512747933365,
        1.992548266981739,
        -2.037713849541962
    ],
    "right_arm_joint_offset_deg": [
        2.9940627087431313,
        0.017491792791507237,
        0.9874925823238226,
        1.9992579386967921,
        -3.01842079424328,
        1.9819526555089455,
        1.0412906943406741
    ],
    "left_arm_joint_offset_deg": [
        -2.011383539828865,
        -0.9996834500539608,
        3.0059828683736454,
        2.000001813052169,
        -4.0126512747933365,
        1.992548266981739,
        -2.037713849541962
    ],
    "head_joint_offset_deg": null,
    "xi_cam": [
        0.0,
        0.0,
        0.0,
        0.0,
        0.0,
        0.0
    ],
    "measurement_noise": {
        "measurement_noise_enabled": true,
        "measurement_noise_rot_std_rad": 0.00867523129703081,
        "measurement_noise_rot_std_deg": 0.4970541396196685,
        "measurement_noise_pos_std_m": 0.0004978833270367104,
        "measurement_noise_pos_std_mm": 0.4978833270367104,
        "measurement_noise_max_rot_std_rad": 0.03490658503988659,
        "measurement_noise_max_rot_std_deg": 2.0,
        "measurement_noise_max_pos_std_m": 0.001,
        "measurement_noise_max_pos_std_mm": 1.0
    },
    "xi_head_base_cam": [
        0.0,
        0.0,
        0.0,
        0.0,
        0.0,
        0.0
    ]
}