{
    "joint_offset_deg": [
        2.974533056363628,
        -2.391977899056761e-06,
        0.9968082672887346,
        2.000001336100479,
        -2.9691601086919217,
        2.005350156059975,
        1.047502634154751,
        -2.028272883928036,
        -0.9889840608715059,
        3.024632470004113,
        1.9884540753990905,
        -3.9996134541083697,
        1.992582355987709,
        -2.0179460945823395
    ],
    "right_arm_joint_offset_deg": [
        2.974533056363628,
        -2.391977899056761e-06,
        0.9968082672887346,
        2.000001336100479,
        -2.9691601086919217,
        2.005350156059975,
        1.047502634154751
    ],
    "left_arm_joint_offset_deg": [
        -2.028272883928036,
        -0.9889840608715059,
        3.024632470004113,
        1.9884540753990905,
        -3.9996134541083697,
        1.992582355987709,
        -2.0179460945823395
    ],
    "head_joint_offset_deg": [
        1.9983404121142347,
        -1.5129864426150457
    ],
    "xi_cam": [
        0.0,
        0.0,
        0.0,
        0.0,
        0.0,
        0.0
    ],
    "measurement_noise": {
        "measurement_noise_enabled": true,
        "measurement_noise_rot_std_rad": 0.008437472806407973,
        "measurement_noise_rot_std_deg": 0.4834315815635792,
        "measurement_noise_pos_std_m": 0.0005171950086459637,
        "measurement_noise_pos_std_mm": 0.5171950086459638,
        "measurement_noise_max_rot_std_rad": 0.03490658503988659,
        "measurement_noise_max_rot_std_deg": 2.0,
        "measurement_noise_max_pos_std_m": 0.001,
        "measurement_noise_max_pos_std_mm": 1.0
    },
    "xi_mount_cam": [
        0.0,
        0.0,
        0.0,
        0.0,
        0.0,
        0.0
    ]
}