{
    "joint_offset_deg": [
        -37.35243331266789,
        3.6760323200803304,
        -4.718011460366534,
        1.9999999977733942,
        78.41137771860438,
        33.09141906456934,
        -97.49888270198612,
        -44.46208249592139,
        -2.6608808580437113,
        -5.913921355458205,
        1.9999984812204694,
        83.91828611733652,
        109.99999894815898,
        -65.29434208413916
    ],
    "right_arm_joint_offset_deg": [
        -37.35243331266789,
        3.6760323200803304,
        -4.718011460366534,
        1.9999999977733942,
        78.41137771860438,
        33.09141906456934,
        -97.49888270198612
    ],
    "left_arm_joint_offset_deg": [
        -44.46208249592139,
        -2.6608808580437113,
        -5.913921355458205,
        1.9999984812204694,
        83.91828611733652,
        109.99999894815898,
        -65.29434208413916
    ],
    "head_joint_offset_deg": null,
    "xi_cam": [
        0.0,
        0.0,
        0.0,
        0.0,
        0.0,
        0.0
    ],
    "measurement_noise": {
        "measurement_noise_enabled": true,
        "measurement_noise_rot_std_rad": 0.034906585039886584,
        "measurement_noise_rot_std_deg": 1.9999999999999996,
        "measurement_noise_pos_std_m": 0.001,
        "measurement_noise_pos_std_mm": 1.0,
        "measurement_noise_max_rot_std_rad": 0.03490658503988659,
        "measurement_noise_max_rot_std_deg": 2.0,
        "measurement_noise_max_pos_std_m": 0.001,
        "measurement_noise_max_pos_std_mm": 1.0
    },
    "xi_head_base_cam": [
        0.0,
        0.0,
        0.0,
        0.0,
        0.0,
        0.0
    ]
}