{
    "joint_offset_deg": [
        3.004767565851,
        -0.002209755205342659,
        0.9995759788152018,
        1.9898525739275756,
        -2.9786111011914174,
        1.9851170019345354,
        0.9853445048591976,
        -1.9937231396635624,
        -1.0106356830248096,
        3.0183333953826623,
        1.9871399824221758,
        -3.974613675174663,
        1.958132266715242,
        -2.0824572691113454
    ],
    "right_arm_joint_offset_deg": [
        3.004767565851,
        -0.002209755205342659,
        0.9995759788152018,
        1.9898525739275756,
        -2.9786111011914174,
        1.9851170019345354,
        0.9853445048591976
    ],
    "left_arm_joint_offset_deg": [
        -1.9937231396635624,
        -1.0106356830248096,
        3.0183333953826623,
        1.9871399824221758,
        -3.974613675174663,
        1.958132266715242,
        -2.0824572691113454
    ],
    "head_joint_offset_deg": null,
    "xi_cam": [
        0.0,
        0.0,
        0.0,
        0.0,
        0.0,
        0.0
    ],
    "measurement_noise": {
        "measurement_noise_enabled": true,
        "measurement_noise_rot_std_rad": 0.009197454128294369,
        "measurement_noise_rot_std_deg": 0.526975303816443,
        "measurement_noise_pos_std_m": 0.000515431865053998,
        "measurement_noise_pos_std_mm": 0.515431865053998,
        "measurement_noise_max_rot_std_rad": 0.03490658503988659,
        "measurement_noise_max_rot_std_deg": 2.0,
        "measurement_noise_max_pos_std_m": 0.001,
        "measurement_noise_max_pos_std_mm": 1.0
    },
    "xi_head_base_cam": [
        0.0,
        0.0,
        0.0,
        0.0,
        0.0,
        0.0
    ]
}