{
    "joint_offset_deg": [
        2.964519406488565,
        1.1968378598349138e-10,
        0.8693357128670255,
        1.990000000818638,
        -2.9419192583708162,
        0.009999998778178837,
        2.246488200246017,
        -2.0315279423674615,
        -0.9164646551765505,
        2.7901786522826275,
        1.9900000007241119,
        -4.01049290435632,
        0.009999998665575096,
        -3.290650170948866
    ],
    "right_arm_joint_offset_deg": [
        2.964519406488565,
        1.1968378598349138e-10,
        0.8693357128670255,
        1.990000000818638,
        -2.9419192583708162,
        0.009999998778178837,
        2.246488200246017
    ],
    "left_arm_joint_offset_deg": [
        -2.0315279423674615,
        -0.9164646551765505,
        2.7901786522826275,
        1.9900000007241119,
        -4.01049290435632,
        0.009999998665575096,
        -3.290650170948866
    ],
    "head_joint_offset_deg": null,
    "xi_cam": [
        0.0,
        0.0,
        0.0,
        0.0,
        0.0,
        0.0
    ],
    "measurement_noise": {
        "measurement_noise_enabled": true,
        "measurement_noise_rot_std_rad": 0.024950150935350475,
        "measurement_noise_rot_std_deg": 1.4295383468099654,
        "measurement_noise_pos_std_m": 0.0009999995231628417,
        "measurement_noise_pos_std_mm": 0.9999995231628417,
        "measurement_noise_max_rot_std_rad": 0.03490658503988659,
        "measurement_noise_max_rot_std_deg": 2.0,
        "measurement_noise_max_pos_std_m": 0.001,
        "measurement_noise_max_pos_std_mm": 1.0
    },
    "xi_head_base_cam": [
        0.0,
        0.0,
        0.0,
        0.0,
        0.0,
        0.0
    ]
}