{
    "joint_offset_deg": [
        0.5291466028012664,
        2.6242225566958592,
        1.1956806195791296,
        0.47520146557345316,
        -1.382669830672691,
        5.35214615466447,
        2.3168147987917056,
        -0.3445804785580061,
        -1.5621626407553868,
        -0.9863050118458205,
        0.6613055240027221,
        1.1383765060109388,
        -2.9826561323768748,
        3.491163982849492
    ],
    "right_arm_joint_offset_deg": [
        0.5291466028012664,
        2.6242225566958592,
        1.1956806195791296,
        0.47520146557345316,
        -1.382669830672691,
        5.35214615466447,
        2.3168147987917056
    ],
    "left_arm_joint_offset_deg": [
        -0.3445804785580061,
        -1.5621626407553868,
        -0.9863050118458205,
        0.6613055240027221,
        1.1383765060109388,
        -2.9826561323768748,
        3.491163982849492
    ],
    "head_joint_offset_deg": [
        0.032187927421904246,
        0.021867774236604617
    ],
    "xi_cam": [
        0.0,
        0.0,
        0.0,
        0.0,
        0.0,
        0.0
    ],
    "measurement_noise": {
        "measurement_noise_enabled": true,
        "measurement_noise_rot_std_rad": 0.0003076768759081032,
        "measurement_noise_rot_std_deg": 0.017628586443304672,
        "measurement_noise_pos_std_m": 5.504764071266292e-05,
        "measurement_noise_pos_std_mm": 0.055047640712662924,
        "measurement_noise_max_rot_std_rad": 0.03490658503988659,
        "measurement_noise_max_rot_std_deg": 2.0,
        "measurement_noise_max_pos_std_m": 0.001,
        "measurement_noise_max_pos_std_mm": 1.0
    },
    "xi_mount_cam": [
        0.0,
        0.0,
        0.0,
        0.0,
        0.0,
        0.0
    ]
}