{
    "joint_offset_deg": [
        9.929857907849666,
        10.00000001263822,
        -6.608992927208351,
        -3.6555925353336764e-09,
        57.02560127576772,
        50.00000000114105,
        -12.852682838648635,
        8.481791507231609,
        -10.000000011950265,
        8.388931944300975,
        -2.5817052747595096e-09,
        -54.0622047285017,
        49.99999999881902,
        14.570613662919616
    ],
    "right_arm_joint_offset_deg": [
        9.929857907849666,
        10.00000001263822,
        -6.608992927208351,
        -3.6555925353336764e-09,
        57.02560127576772,
        50.00000000114105,
        -12.852682838648635
    ],
    "left_arm_joint_offset_deg": [
        8.481791507231609,
        -10.000000011950265,
        8.388931944300975,
        -2.5817052747595096e-09,
        -54.0622047285017,
        49.99999999881902,
        14.570613662919616
    ],
    "head_joint_offset_deg": [
        0.36655911729054985,
        4.6711654950705706
    ],
    "xi_cam": [
        0.0,
        0.0,
        0.0,
        0.0,
        0.0,
        0.0
    ],
    "measurement_noise": {
        "measurement_noise_enabled": true,
        "measurement_noise_rot_std_rad": 0.034906584259663614,
        "measurement_noise_rot_std_deg": 1.9999999552965164,
        "measurement_noise_pos_std_m": 0.0009999999850988388,
        "measurement_noise_pos_std_mm": 0.9999999850988388,
        "measurement_noise_max_rot_std_rad": 0.03490658503988659,
        "measurement_noise_max_rot_std_deg": 2.0,
        "measurement_noise_max_pos_std_m": 0.001,
        "measurement_noise_max_pos_std_mm": 1.0
    },
    "xi_mount_cam": [
        0.0,
        0.0,
        0.0,
        0.0,
        0.0,
        0.0
    ]
}