{
    "joint_offset_deg": [
        0.13178035520665546,
        -5.9527533009887795e-08,
        3.3732376455485498,
        0.49778999868247553,
        -6.163663677382695,
        5.45959838027308,
        2.3479268132917146,
        -0.6857213790238977,
        3.3098278644164664e-08,
        -2.9951279369515285,
        0.6993098491855186,
        5.485944308689784,
        -2.939272222586399,
        3.5006562835798563
    ],
    "right_arm_joint_offset_deg": [
        0.13178035520665546,
        -5.9527533009887795e-08,
        3.3732376455485498,
        0.49778999868247553,
        -6.163663677382695,
        5.45959838027308,
        2.3479268132917146
    ],
    "left_arm_joint_offset_deg": [
        -0.6857213790238977,
        3.3098278644164664e-08,
        -2.9951279369515285,
        0.6993098491855186,
        5.485944308689784,
        -2.939272222586399,
        3.5006562835798563
    ],
    "head_joint_offset_deg": [
        -0.06939895112860216,
        -0.3504391754931689
    ],
    "xi_cam": [
        -0.00011193883780461934,
        8.587525317084006e-05,
        -0.0006781383036074248,
        0.0004943702907054045,
        -0.11481163270859929,
        -0.060661254107489536
    ],
    "measurement_noise": {
        "measurement_noise_enabled": true,
        "measurement_noise_rot_std_rad": 0.03304801200039004,
        "measurement_noise_rot_std_deg": 1.8935116089200463,
        "measurement_noise_pos_std_m": 0.0009999999999981812,
        "measurement_noise_pos_std_mm": 0.9999999999981811,
        "measurement_noise_max_rot_std_rad": 0.03490658503988659,
        "measurement_noise_max_rot_std_deg": 2.0,
        "measurement_noise_max_pos_std_m": 0.001,
        "measurement_noise_max_pos_std_mm": 1.0
    },
    "xi_mount_cam": [
        -0.00011193883780461934,
        8.587525317084006e-05,
        -0.0006781383036074248,
        0.0004943702907054045,
        -0.11481163270859929,
        -0.060661254107489536
    ]
}