{
    "joint_offset_deg": [
        0.4672882415104265,
        2.5402611013882037,
        1.1438770150588566,
        0.4961625503051141,
        -1.4398658987154769,
        5.371876676730891,
        2.3508994319463192,
        -0.4275766780784878,
        -1.6698526529068565,
        -0.9533726099273898,
        0.7006393573932402,
        1.0038139763681382,
        -3.0053807191228916,
        3.498824914520356
    ],
    "right_arm_joint_offset_deg": [
        0.4672882415104265,
        2.5402611013882037,
        1.1438770150588566,
        0.4961625503051141,
        -1.4398658987154769,
        5.371876676730891,
        2.3508994319463192
    ],
    "left_arm_joint_offset_deg": [
        -0.4275766780784878,
        -1.6698526529068565,
        -0.9533726099273898,
        0.7006393573932402,
        1.0038139763681382,
        -3.0053807191228916,
        3.498824914520356
    ],
    "head_joint_offset_deg": [
        -0.0010517168627865643,
        -0.1023209362202948
    ],
    "xi_cam": [
        0.0,
        0.0,
        0.0,
        0.0,
        0.0,
        0.0
    ],
    "measurement_noise": {
        "measurement_noise_enabled": true,
        "measurement_noise_rot_std_rad": 0.00017453292520030686,
        "measurement_noise_rot_std_deg": 0.010000000000050071,
        "measurement_noise_pos_std_m": 0.00028179360687897775,
        "measurement_noise_pos_std_mm": 0.28179360687897775,
        "measurement_noise_max_rot_std_rad": 0.03490658503988659,
        "measurement_noise_max_rot_std_deg": 2.0,
        "measurement_noise_max_pos_std_m": 0.001,
        "measurement_noise_max_pos_std_mm": 1.0
    },
    "xi_mount_cam": [
        0.0,
        0.0,
        0.0,
        0.0,
        0.0,
        0.0
    ]
}