{
    "joint_offset_deg": [
        0.5161590527066632,
        2.622679013947367,
        1.2176381488040497,
        0.47520134019802956,
        -1.3842686069846821,
        5.352146037208019,
        2.316814246030457,
        -0.3337873178152696,
        -1.5639519308010486,
        -0.9797532913521872,
        0.6613057147526511,
        1.1386825889708467,
        -2.9826559634889542,
        3.4911632934416414
    ],
    "right_arm_joint_offset_deg": [
        0.5161590527066632,
        2.622679013947367,
        1.2176381488040497,
        0.47520134019802956,
        -1.3842686069846821,
        5.352146037208019,
        2.316814246030457
    ],
    "left_arm_joint_offset_deg": [
        -0.3337873178152696,
        -1.5639519308010486,
        -0.9797532913521872,
        0.6613057147526511,
        1.1386825889708467,
        -2.9826559634889542,
        3.4911632934416414
    ],
    "head_joint_offset_deg": [
        0.03192182359343771,
        0.02774840932572077
    ],
    "xi_cam": [
        0.0,
        0.0,
        0.0,
        0.0,
        0.0,
        0.0
    ],
    "measurement_noise": {
        "measurement_noise_enabled": true,
        "measurement_noise_rot_std_rad": 0.00035064705465532794,
        "measurement_noise_rot_std_deg": 0.020090596330443397,
        "measurement_noise_pos_std_m": 4.0581811282059595e-05,
        "measurement_noise_pos_std_mm": 0.04058181128205959,
        "measurement_noise_max_rot_std_rad": 0.03490658503988659,
        "measurement_noise_max_rot_std_deg": 2.0,
        "measurement_noise_max_pos_std_m": 0.001,
        "measurement_noise_max_pos_std_mm": 1.0
    },
    "xi_mount_cam": [
        0.0,
        0.0,
        0.0,
        0.0,
        0.0,
        0.0
    ]
}