{
    "joint_offset_deg": [
        9.904198471566364,
        10.000000012996933,
        -6.630540789689208,
        -3.744606001142599e-09,
        57.05145545606122,
        50.00000000134849,
        -12.851065311163664,
        8.44066421823988,
        -10.000000012212103,
        8.400909117670729,
        -2.6443812486890473e-09,
        -54.09591822522369,
        49.999999998960966,
        14.566827105867413
    ],
    "right_arm_joint_offset_deg": [
        9.904198471566364,
        10.000000012996933,
        -6.630540789689208,
        -3.744606001142599e-09,
        57.05145545606122,
        50.00000000134849,
        -12.851065311163664
    ],
    "left_arm_joint_offset_deg": [
        8.44066421823988,
        -10.000000012212103,
        8.400909117670729,
        -2.6443812486890473e-09,
        -54.09591822522369,
        49.999999998960966,
        14.566827105867413
    ],
    "head_joint_offset_deg": [
        0.36523731395792014,
        4.610174450671095
    ],
    "xi_cam": [
        0.0,
        0.0,
        0.0,
        0.0,
        0.0,
        0.0
    ],
    "measurement_noise": {
        "measurement_noise_enabled": true,
        "measurement_noise_rot_std_rad": 0.034906584259663614,
        "measurement_noise_rot_std_deg": 1.9999999552965164,
        "measurement_noise_pos_std_m": 0.0009999999850988388,
        "measurement_noise_pos_std_mm": 0.9999999850988388,
        "measurement_noise_max_rot_std_rad": 0.03490658503988659,
        "measurement_noise_max_rot_std_deg": 2.0,
        "measurement_noise_max_pos_std_m": 0.001,
        "measurement_noise_max_pos_std_mm": 1.0
    },
    "xi_mount_cam": [
        0.0,
        0.0,
        0.0,
        0.0,
        0.0,
        0.0
    ]
}