{
    "joint_offset_deg": [
        0.5441198727228762,
        2.525354550295384,
        1.236935145667125,
        0.426609093307086,
        -1.4883979379288665,
        5.459784676454322,
        2.433693687566497,
        -0.7884917280498212,
        -1.5430537203212904,
        -1.0669890994073583,
        0.9368109368228001,
        1.1512040033946271,
        -3.0750777623272363,
        3.7085373232277616
    ],
    "right_arm_joint_offset_deg": [
        0.5441198727228762,
        2.525354550295384,
        1.236935145667125,
        0.426609093307086,
        -1.4883979379288665,
        5.459784676454322,
        2.433693687566497
    ],
    "left_arm_joint_offset_deg": [
        -0.7884917280498212,
        -1.5430537203212904,
        -1.0669890994073583,
        0.9368109368228001,
        1.1512040033946271,
        -3.0750777623272363,
        3.7085373232277616
    ],
    "head_joint_offset_deg": [
        0.014862419186179083,
        0.009951799398636505
    ],
    "xi_cam": [
        0.0,
        0.0,
        0.0,
        0.0,
        0.0,
        0.0
    ],
    "measurement_noise": {
        "measurement_noise_enabled": true,
        "measurement_noise_rot_std_rad": 0.00017453483148696105,
        "measurement_noise_rot_std_deg": 0.010000109222229898,
        "measurement_noise_pos_std_m": 8.378419270085096e-05,
        "measurement_noise_pos_std_mm": 0.08378419270085095,
        "measurement_noise_max_rot_std_rad": 0.03490658503988659,
        "measurement_noise_max_rot_std_deg": 2.0,
        "measurement_noise_max_pos_std_m": 0.001,
        "measurement_noise_max_pos_std_mm": 1.0
    },
    "xi_mount_cam": [
        0.0,
        0.0,
        0.0,
        0.0,
        0.0,
        0.0
    ]
}