{
    "joint_offset_deg": [
        2.91794476369322,
        0.0036703681085772702,
        1.0049923159602938,
        2.4270422058148764,
        -3.044381335512679,
        0.5729577930536016,
        1.569888338690344,
        -2.0729333529102054,
        -1.030790645472215,
        3.032986224175987,
        2.427042205960173,
        -4.090194066387538,
        0.5729577933481083,
        -2.3799644989422926
    ],
    "right_arm_joint_offset_deg": [
        2.91794476369322,
        0.0036703681085772702,
        1.0049923159602938,
        2.4270422058148764,
        -3.044381335512679,
        0.5729577930536016,
        1.569888338690344
    ],
    "left_arm_joint_offset_deg": [
        -2.0729333529102054,
        -1.030790645472215,
        3.032986224175987,
        2.427042205960173,
        -4.090194066387538,
        0.5729577933481083,
        -2.3799644989422926
    ],
    "head_joint_offset_deg": null,
    "xi_cam": [
        0.0,
        0.0,
        0.0,
        0.0,
        0.0,
        0.0
    ],
    "measurement_noise": {
        "measurement_noise_enabled": true,
        "measurement_noise_rot_std_rad": 0.018085123829906725,
        "measurement_noise_rot_std_deg": 1.0362012674251266,
        "measurement_noise_pos_std_m": 0.0009999995231628417,
        "measurement_noise_pos_std_mm": 0.9999995231628417,
        "measurement_noise_max_rot_std_rad": 0.03490658503988659,
        "measurement_noise_max_rot_std_deg": 2.0,
        "measurement_noise_max_pos_std_m": 0.001,
        "measurement_noise_max_pos_std_mm": 1.0
    },
    "xi_head_base_cam": [
        0.0,
        0.0,
        0.0,
        0.0,
        0.0,
        0.0
    ]
}