{
    "joint_offset_deg": [
        2.9869980814645007,
        0.007300590228554444,
        1.007131485014262,
        2.0000053094479444,
        -3.0290188184387126,
        2.026430104582949,
        0.9867551167826414,
        -1.9951427188088657,
        -0.994787789519232,
        2.9770011713760276,
        1.9907428758706542,
        -3.9608283660325236,
        1.9816110201154817,
        -1.9625030394085423
    ],
    "right_arm_joint_offset_deg": [
        2.9869980814645007,
        0.007300590228554444,
        1.007131485014262,
        2.0000053094479444,
        -3.0290188184387126,
        2.026430104582949,
        0.9867551167826414
    ],
    "left_arm_joint_offset_deg": [
        -1.9951427188088657,
        -0.994787789519232,
        2.9770011713760276,
        1.9907428758706542,
        -3.9608283660325236,
        1.9816110201154817,
        -1.9625030394085423
    ],
    "head_joint_offset_deg": null,
    "xi_cam": [
        0.0,
        0.0,
        0.0,
        0.0,
        0.0,
        0.0
    ],
    "measurement_noise": {
        "measurement_noise_enabled": true,
        "measurement_noise_rot_std_rad": 0.008816373676105303,
        "measurement_noise_rot_std_deg": 0.5051410022510725,
        "measurement_noise_pos_std_m": 0.0005013467427838899,
        "measurement_noise_pos_std_mm": 0.5013467427838899,
        "measurement_noise_max_rot_std_rad": 0.03490658503988659,
        "measurement_noise_max_rot_std_deg": 2.0,
        "measurement_noise_max_pos_std_m": 0.001,
        "measurement_noise_max_pos_std_mm": 1.0
    },
    "xi_head_base_cam": [
        0.0,
        0.0,
        0.0,
        0.0,
        0.0,
        0.0
    ]
}