{
    "joint_offset_deg": [
        0.5753385345259037,
        2.7233099414780324,
        1.4930937292762503,
        0.47370048372929896,
        -1.4890748168104024,
        5.3757797567341,
        2.4060244924394407,
        -0.29333665774311646,
        -1.3205597590559974,
        -1.0376715636089116,
        0.6682426657234911,
        1.4565347533280464,
        -2.9843335579804147,
        3.4935685155803187
    ],
    "right_arm_joint_offset_deg": [
        0.5753385345259037,
        2.7233099414780324,
        1.4930937292762503,
        0.47370048372929896,
        -1.4890748168104024,
        5.3757797567341,
        2.4060244924394407
    ],
    "left_arm_joint_offset_deg": [
        -0.29333665774311646,
        -1.3205597590559974,
        -1.0376715636089116,
        0.6682426657234911,
        1.4565347533280464,
        -2.9843335579804147,
        3.4935685155803187
    ],
    "head_joint_offset_deg": [
        0.18558201038756875,
        0.3495682128705554
    ],
    "xi_cam": [
        0.0,
        0.0,
        0.0,
        0.0,
        0.0,
        0.0
    ],
    "measurement_noise": {
        "measurement_noise_enabled": true,
        "measurement_noise_rot_std_rad": 0.0015985652150011975,
        "measurement_noise_rot_std_deg": 0.09159104009599166,
        "measurement_noise_pos_std_m": 0.00017101904077441006,
        "measurement_noise_pos_std_mm": 0.17101904077441007,
        "measurement_noise_max_rot_std_rad": 0.03490658503988659,
        "measurement_noise_max_rot_std_deg": 2.0,
        "measurement_noise_max_pos_std_m": 0.001,
        "measurement_noise_max_pos_std_mm": 1.0
    },
    "xi_mount_cam": [
        0.0,
        0.0,
        0.0,
        0.0,
        0.0,
        0.0
    ]
}