{
    "joint_offset_deg": [
        0.3930011089990845,
        2.4405454847082146,
        1.3164411999143577,
        0.49778999191620127,
        -1.6937162312680245,
        5.45959838026775,
        2.3499268067666614,
        -0.5402256838539315,
        -1.4967831761452823,
        -1.2088009059227143,
        0.6993098463030616,
        1.2539289355712355,
        -2.939272212619214,
        3.4986562724368855
    ],
    "right_arm_joint_offset_deg": [
        0.3930011089990845,
        2.4405454847082146,
        1.3164411999143577,
        0.49778999191620127,
        -1.6937162312680245,
        5.45959838026775,
        2.3499268067666614
    ],
    "left_arm_joint_offset_deg": [
        -0.5402256838539315,
        -1.4967831761452823,
        -1.2088009059227143,
        0.6993098463030616,
        1.2539289355712355,
        -2.939272212619214,
        3.4986562724368855
    ],
    "head_joint_offset_deg": [
        -0.006445900956950169,
        -89.95437383553973
    ],
    "xi_cam": [
        -1.5716667060943026,
        0.0006258508777696841,
        0.0006490277614694297,
        0.0005519012708626832,
        0.07263109756342352,
        0.0907443632042793
    ],
    "measurement_noise": {
        "measurement_noise_enabled": true,
        "measurement_noise_rot_std_rad": 0.0002668690841005067,
        "measurement_noise_rot_std_deg": 0.015290472201480856,
        "measurement_noise_pos_std_m": 8.916397542819435e-05,
        "measurement_noise_pos_std_mm": 0.08916397542819435,
        "measurement_noise_max_rot_std_rad": 0.03490658503988659,
        "measurement_noise_max_rot_std_deg": 2.0,
        "measurement_noise_max_pos_std_m": 0.001,
        "measurement_noise_max_pos_std_mm": 1.0
    },
    "xi_mount_cam": [
        -1.5716667060943026,
        0.0006258508777696841,
        0.0006490277614694297,
        0.0005519012708626832,
        0.07263109756342352,
        0.0907443632042793
    ]
}