{
    "joint_offset_deg": [
        11.349762543370211,
        3.9260858760172095,
        -11.278719469542628,
        0.4710149210463418,
        39.37027841703096,
        -1.277080542532859,
        1.8881020024612516,
        20.700878749589844,
        -6.081979615692693,
        25.425422172386767,
        0.6650673327857771,
        -33.41697875640053,
        1.3122149306977322,
        3.81643221431954
    ],
    "right_arm_joint_offset_deg": [
        11.349762543370211,
        3.9260858760172095,
        -11.278719469542628,
        0.4710149210463418,
        39.37027841703096,
        -1.277080542532859,
        1.8881020024612516
    ],
    "left_arm_joint_offset_deg": [
        20.700878749589844,
        -6.081979615692693,
        25.425422172386767,
        0.6650673327857771,
        -33.41697875640053,
        1.3122149306977322,
        3.81643221431954
    ],
    "head_joint_offset_deg": [
        3.0959295725077878,
        1.6793797460880515
    ],
    "xi_cam": [
        0.0,
        0.0,
        0.0,
        0.0,
        0.0,
        0.0
    ],
    "measurement_noise": {
        "measurement_noise_enabled": true,
        "measurement_noise_rot_std_rad": 0.034906585039886584,
        "measurement_noise_rot_std_deg": 1.9999999999999996,
        "measurement_noise_pos_std_m": 0.001,
        "measurement_noise_pos_std_mm": 1.0,
        "measurement_noise_max_rot_std_rad": 0.03490658503988659,
        "measurement_noise_max_rot_std_deg": 2.0,
        "measurement_noise_max_pos_std_m": 0.001,
        "measurement_noise_max_pos_std_mm": 1.0
    },
    "xi_mount_cam": [
        0.0,
        0.0,
        0.0,
        0.0,
        0.0,
        0.0
    ]
}