{
    "joint_offset_deg": [
        2.9978364604110848,
        -5.374322716148093e-07,
        1.0176939784856485,
        2.0000039124631104,
        -3.0120166429425934,
        2.010051488949767,
        0.964640973283888,
        -1.9874652423738148,
        -1.01449261297941,
        2.9972186031376546,
        1.9789674966378414,
        -4.0017443060288596,
        2.0145182334798237,
        -2.005965934830798
    ],
    "right_arm_joint_offset_deg": [
        2.9978364604110848,
        -5.374322716148093e-07,
        1.0176939784856485,
        2.0000039124631104,
        -3.0120166429425934,
        2.010051488949767,
        0.964640973283888
    ],
    "left_arm_joint_offset_deg": [
        -1.9874652423738148,
        -1.01449261297941,
        2.9972186031376546,
        1.9789674966378414,
        -4.0017443060288596,
        2.0145182334798237,
        -2.005965934830798
    ],
    "head_joint_offset_deg": null,
    "xi_cam": [
        0.0,
        0.0,
        0.0,
        0.0,
        0.0,
        0.0
    ],
    "measurement_noise": {
        "measurement_noise_enabled": true,
        "measurement_noise_rot_std_rad": 0.008838321239491548,
        "measurement_noise_rot_std_deg": 0.5063985050037002,
        "measurement_noise_pos_std_m": 0.000503330645574106,
        "measurement_noise_pos_std_mm": 0.503330645574106,
        "measurement_noise_max_rot_std_rad": 0.03490658503988659,
        "measurement_noise_max_rot_std_deg": 2.0,
        "measurement_noise_max_pos_std_m": 0.001,
        "measurement_noise_max_pos_std_mm": 1.0
    },
    "xi_head_base_cam": [
        0.0,
        0.0,
        0.0,
        0.0,
        0.0,
        0.0
    ]
}