{
    "joint_offset_deg": [
        2.9788035078745736,
        0.03394245609080295,
        1.002783293121154,
        2.4270422061688226,
        -3.009569079180133,
        0.572957793283225,
        1.0610893005978383,
        -1.9122672558805287,
        -1.0020210059432868,
        2.98702831650824,
        2.4270422059727497,
        -4.046887405667241,
        0.5729577934561477,
        -2.1897208023204593
    ],
    "right_arm_joint_offset_deg": [
        2.9788035078745736,
        0.03394245609080295,
        1.002783293121154,
        2.4270422061688226,
        -3.009569079180133,
        0.572957793283225,
        1.0610893005978383
    ],
    "left_arm_joint_offset_deg": [
        -1.9122672558805287,
        -1.0020210059432868,
        2.98702831650824,
        2.4270422059727497,
        -4.046887405667241,
        0.5729577934561477,
        -2.1897208023204593
    ],
    "head_joint_offset_deg": null,
    "xi_cam": [
        0.0,
        0.0,
        0.0,
        0.0,
        0.0,
        0.0
    ],
    "measurement_noise": {
        "measurement_noise_enabled": true,
        "measurement_noise_rot_std_rad": 0.01833562136523756,
        "measurement_noise_rot_std_deg": 1.0505537189780128,
        "measurement_noise_pos_std_m": 0.0009999961853027345,
        "measurement_noise_pos_std_mm": 0.9999961853027345,
        "measurement_noise_max_rot_std_rad": 0.03490658503988659,
        "measurement_noise_max_rot_std_deg": 2.0,
        "measurement_noise_max_pos_std_m": 0.001,
        "measurement_noise_max_pos_std_mm": 1.0
    },
    "xi_head_base_cam": [
        0.0,
        0.0,
        0.0,
        0.0,
        0.0,
        0.0
    ]
}