{
    "joint_offset_deg": [
        -41.74326966462852,
        1.096077933100345e-06,
        -12.024702360784834,
        1.9999993403755463,
        20.79455373252235,
        6.615731190161947,
        -14.156901934847355,
        -43.659960419145946,
        -1.3931402919697638e-06,
        11.867145897500743,
        1.999999073372501,
        -22.316951033543322,
        -13.123659555868576,
        16.738641969144123
    ],
    "right_arm_joint_offset_deg": [
        -41.74326966462852,
        1.096077933100345e-06,
        -12.024702360784834,
        1.9999993403755463,
        20.79455373252235,
        6.615731190161947,
        -14.156901934847355
    ],
    "left_arm_joint_offset_deg": [
        -43.659960419145946,
        -1.3931402919697638e-06,
        11.867145897500743,
        1.999999073372501,
        -22.316951033543322,
        -13.123659555868576,
        16.738641969144123
    ],
    "head_joint_offset_deg": [
        1.3001991447919254,
        -37.75811761994876
    ],
    "xi_cam": [
        0.0,
        0.0,
        0.0,
        0.0,
        0.0,
        0.0
    ],
    "measurement_noise": {
        "measurement_noise_enabled": true,
        "measurement_noise_rot_std_rad": 0.034906583479440645,
        "measurement_noise_rot_std_deg": 1.999999910593033,
        "measurement_noise_pos_std_m": 0.0009999999701976775,
        "measurement_noise_pos_std_mm": 0.9999999701976775,
        "measurement_noise_max_rot_std_rad": 0.03490658503988659,
        "measurement_noise_max_rot_std_deg": 2.0,
        "measurement_noise_max_pos_std_m": 0.001,
        "measurement_noise_max_pos_std_mm": 1.0
    },
    "xi_mount_cam": [
        0.0,
        0.0,
        0.0,
        0.0,
        0.0,
        0.0
    ]
}