{
    "joint_offset_deg": [
        0.46014077035865353,
        2.4754875138716677,
        1.0294056382721797,
        0.49616251733825123,
        -1.4055065588560083,
        5.366180225242486,
        2.350746586879831,
        -0.4729886285231807,
        -1.6840309043196282,
        -0.9521294919189152,
        0.7006393249651676,
        0.9353685487406943,
        -2.977005748197242,
        3.498507530613878
    ],
    "right_arm_joint_offset_deg": [
        0.46014077035865353,
        2.4754875138716677,
        1.0294056382721797,
        0.49616251733825123,
        -1.4055065588560083,
        5.366180225242486,
        2.350746586879831
    ],
    "left_arm_joint_offset_deg": [
        -0.4729886285231807,
        -1.6840309043196282,
        -0.9521294919189152,
        0.7006393249651676,
        0.9353685487406943,
        -2.977005748197242,
        3.498507530613878
    ],
    "head_joint_offset_deg": [
        -0.07000908990399962,
        -0.24685751070246703
    ],
    "xi_cam": [
        0.0,
        0.0,
        0.0,
        0.0,
        0.0,
        0.0
    ],
    "measurement_noise": {
        "measurement_noise_enabled": true,
        "measurement_noise_rot_std_rad": 0.000942487375089941,
        "measurement_noise_rot_std_deg": 0.05400054883701697,
        "measurement_noise_pos_std_m": 7.930439345935273e-05,
        "measurement_noise_pos_std_mm": 0.07930439345935272,
        "measurement_noise_max_rot_std_rad": 0.03490658503988659,
        "measurement_noise_max_rot_std_deg": 2.0,
        "measurement_noise_max_pos_std_m": 0.001,
        "measurement_noise_max_pos_std_mm": 1.0
    },
    "xi_mount_cam": [
        0.0,
        0.0,
        0.0,
        0.0,
        0.0,
        0.0
    ]
}