{
    "joint_offset_deg": [
        -51.21900212762051,
        9.999076412503419,
        1.4373288600390401,
        0.0007104002298627505,
        -47.131762237273605,
        33.867020773939096,
        125.02054176729936,
        -120.6900402805989,
        -9.999798965809454,
        -87.01472301192925,
        -0.0001295493713280211,
        81.54503138129542,
        -36.46657764795567,
        -148.72174831854528
    ],
    "right_arm_joint_offset_deg": [
        -51.21900212762051,
        9.999076412503419,
        1.4373288600390401,
        0.0007104002298627505,
        -47.131762237273605,
        33.867020773939096,
        125.02054176729936
    ],
    "left_arm_joint_offset_deg": [
        -120.6900402805989,
        -9.999798965809454,
        -87.01472301192925,
        -0.0001295493713280211,
        81.54503138129542,
        -36.46657764795567,
        -148.72174831854528
    ],
    "head_joint_offset_deg": [
        -7.83529414332998,
        -89.95371245731647
    ],
    "xi_cam": [
        0.0,
        0.0,
        0.0,
        0.0,
        0.0,
        0.0
    ],
    "measurement_noise": {
        "measurement_noise_enabled": true,
        "measurement_noise_rot_std_rad": 0.034906585039886584,
        "measurement_noise_rot_std_deg": 1.9999999999999996,
        "measurement_noise_pos_std_m": 0.001,
        "measurement_noise_pos_std_mm": 1.0,
        "measurement_noise_max_rot_std_rad": 0.03490658503988659,
        "measurement_noise_max_rot_std_deg": 2.0,
        "measurement_noise_max_pos_std_m": 0.001,
        "measurement_noise_max_pos_std_mm": 1.0
    },
    "xi_mount_cam": [
        0.0,
        0.0,
        0.0,
        0.0,
        0.0,
        0.0
    ]
}