{
    "joint_offset_deg": [
        0.7640376949472749,
        1.6691897845564228,
        2.210727814526102,
        0.47590529817771604,
        -3.336586578674433,
        5.40055011877534,
        2.3533669263631083,
        -0.03586776639351625,
        -1.1196611278452269,
        -2.1968405272144573,
        0.6829310246842291,
        2.5226487635386166,
        -2.9838182888187927,
        3.4931048930096305
    ],
    "right_arm_joint_offset_deg": [
        0.7640376949472749,
        1.6691897845564228,
        2.210727814526102,
        0.47590529817771604,
        -3.336586578674433,
        5.40055011877534,
        2.3533669263631083
    ],
    "left_arm_joint_offset_deg": [
        -0.03586776639351625,
        -1.1196611278452269,
        -2.1968405272144573,
        0.6829310246842291,
        2.5226487635386166,
        -2.9838182888187927,
        3.4931048930096305
    ],
    "head_joint_offset_deg": [
        0.0026303627331635067,
        2.4034954617403765
    ],
    "xi_cam": [
        0.0,
        0.0,
        0.0,
        0.0,
        0.0,
        0.0
    ],
    "measurement_noise": {
        "measurement_noise_enabled": true,
        "measurement_noise_rot_std_rad": 0.007296508412317054,
        "measurement_noise_rot_std_deg": 0.4180591372074683,
        "measurement_noise_pos_std_m": 0.0005348803821207821,
        "measurement_noise_pos_std_mm": 0.5348803821207821,
        "measurement_noise_max_rot_std_rad": 0.03490658503988659,
        "measurement_noise_max_rot_std_deg": 2.0,
        "measurement_noise_max_pos_std_m": 0.001,
        "measurement_noise_max_pos_std_mm": 1.0
    },
    "xi_mount_cam": [
        0.0,
        0.0,
        0.0,
        0.0,
        0.0,
        0.0
    ]
}