{
    "joint_offset_deg": [
        3.7284844855277144,
        3.800081622574679e-12,
        0.8812626460304437,
        2.9990000000002346,
        -3.1913806447051907,
        -9.99900000000018,
        8.698180047679621,
        -1.7425654331234344,
        -1.0653101780568426,
        2.8836739072781223,
        3.999000000000561,
        -4.130227586169205,
        -4.999000000000178,
        -4.207071217560562
    ],
    "right_arm_joint_offset_deg": [
        3.7284844855277144,
        3.800081622574679e-12,
        0.8812626460304437,
        2.9990000000002346,
        -3.1913806447051907,
        -9.99900000000018,
        8.698180047679621
    ],
    "left_arm_joint_offset_deg": [
        -1.7425654331234344,
        -1.0653101780568426,
        2.8836739072781223,
        3.999000000000561,
        -4.130227586169205,
        -4.999000000000178,
        -4.207071217560562
    ],
    "head_joint_offset_deg": null,
    "xi_cam": [
        0.0,
        0.0,
        0.0,
        0.0,
        0.0,
        0.0
    ],
    "measurement_noise": {
        "measurement_noise_enabled": true,
        "measurement_noise_rot_std_rad": 0.034906485171345716,
        "measurement_noise_rot_std_deg": 1.9999942779541018,
        "measurement_noise_pos_std_m": 0.0009999980926513673,
        "measurement_noise_pos_std_mm": 0.9999980926513673,
        "measurement_noise_max_rot_std_rad": 0.03490658503988659,
        "measurement_noise_max_rot_std_deg": 2.0,
        "measurement_noise_max_pos_std_m": 0.001,
        "measurement_noise_max_pos_std_mm": 1.0
    },
    "xi_head_base_cam": [
        0.0,
        0.0,
        0.0,
        0.0,
        0.0,
        0.0
    ]
}