{
    "joint_offset_deg": [
        0.2489471238510028,
        2.417571265518657,
        1.2027537340701284,
        0.4977899911228563,
        -1.4497934533433008,
        5.45959837848296,
        2.3499268034056695,
        -0.44649077967681294,
        -1.596649076983978,
        -0.9150206879318246,
        0.6993098445730823,
        0.9630448241630397,
        -2.9392722153060458,
        3.49865627592973
    ],
    "right_arm_joint_offset_deg": [
        0.2489471238510028,
        2.417571265518657,
        1.2027537340701284,
        0.4977899911228563,
        -1.4497934533433008,
        5.45959837848296,
        2.3499268034056695
    ],
    "left_arm_joint_offset_deg": [
        -0.44649077967681294,
        -1.596649076983978,
        -0.9150206879318246,
        0.6993098445730823,
        0.9630448241630397,
        -2.9392722153060458,
        3.49865627592973
    ],
    "head_joint_offset_deg": [
        -0.06939895112859859,
        -0.3504391754932142
    ],
    "xi_cam": [
        0.0,
        0.0,
        0.0,
        0.0,
        0.0,
        0.0
    ],
    "measurement_noise": {
        "measurement_noise_enabled": true,
        "measurement_noise_rot_std_rad": 0.0022634140344566294,
        "measurement_noise_rot_std_deg": 0.12968407146504315,
        "measurement_noise_pos_std_m": 3.948710291093625e-05,
        "measurement_noise_pos_std_mm": 0.03948710291093625,
        "measurement_noise_max_rot_std_rad": 0.03490658503988659,
        "measurement_noise_max_rot_std_deg": 2.0,
        "measurement_noise_max_pos_std_m": 0.001,
        "measurement_noise_max_pos_std_mm": 1.0
    },
    "xi_mount_cam": [
        0.0,
        0.0,
        0.0,
        0.0,
        0.0,
        0.0
    ]
}