{
    "joint_offset_deg": [
        3.5580509618749003,
        4.156101841688177e-10,
        0.9962447083407212,
        0.47864737263721957,
        -3.0752249234940767,
        5.38884780063697,
        -0.39483159711995497,
        -1.3736829841927765,
        -0.8949195124417502,
        2.717905639023227,
        0.6646999873579584,
        -3.9024797903434507,
        -2.996692639503466,
        -4.777457977159058
    ],
    "right_arm_joint_offset_deg": [
        3.5580509618749003,
        4.156101841688177e-10,
        0.9962447083407212,
        0.47864737263721957,
        -3.0752249234940767,
        5.38884780063697,
        -0.39483159711995497
    ],
    "left_arm_joint_offset_deg": [
        -1.3736829841927765,
        -0.8949195124417502,
        2.717905639023227,
        0.6646999873579584,
        -3.9024797903434507,
        -2.996692639503466,
        -4.777457977159058
    ],
    "head_joint_offset_deg": [
        2.039079854246058,
        -1.1496848678333371
    ],
    "xi_cam": [
        0.0,
        0.0,
        0.0,
        0.0,
        0.0,
        0.0
    ],
    "measurement_noise": {
        "measurement_noise_enabled": true,
        "measurement_noise_rot_std_rad": 0.034906485171345716,
        "measurement_noise_rot_std_deg": 1.9999942779541018,
        "measurement_noise_pos_std_m": 0.0009999980926513673,
        "measurement_noise_pos_std_mm": 0.9999980926513673,
        "measurement_noise_max_rot_std_rad": 0.03490658503988659,
        "measurement_noise_max_rot_std_deg": 2.0,
        "measurement_noise_max_pos_std_m": 0.001,
        "measurement_noise_max_pos_std_mm": 1.0
    },
    "xi_mount_cam": [
        0.0,
        0.0,
        0.0,
        0.0,
        0.0,
        0.0
    ]
}