{
    "joint_offset_deg": [
        0.5131644227510926,
        2.78057574498873,
        1.6012022030564401,
        0.4757004859680189,
        -1.4544700425586166,
        5.375779761392687,
        2.4040244880708417,
        -0.2447661532990144,
        -1.2250661846887059,
        -1.0035588522845638,
        0.6682426679779238,
        1.5353630373235088,
        -2.984333553786834,
        3.493568522352125
    ],
    "right_arm_joint_offset_deg": [
        0.5131644227510926,
        2.78057574498873,
        1.6012022030564401,
        0.4757004859680189,
        -1.4544700425586166,
        5.375779761392687,
        2.4040244880708417
    ],
    "left_arm_joint_offset_deg": [
        -0.2447661532990144,
        -1.2250661846887059,
        -1.0035588522845638,
        0.6682426679779238,
        1.5353630373235088,
        -2.984333553786834,
        3.493568522352125
    ],
    "head_joint_offset_deg": [
        0.22167142504013665,
        0.4113031300648918
    ],
    "xi_cam": [
        0.0,
        0.0,
        0.0,
        0.0,
        0.0,
        0.0
    ],
    "measurement_noise": {
        "measurement_noise_enabled": true,
        "measurement_noise_rot_std_rad": 0.0016230166811057488,
        "measurement_noise_rot_std_deg": 0.09299200590668963,
        "measurement_noise_pos_std_m": 8.050731508984189e-05,
        "measurement_noise_pos_std_mm": 0.0805073150898419,
        "measurement_noise_max_rot_std_rad": 0.03490658503988659,
        "measurement_noise_max_rot_std_deg": 2.0,
        "measurement_noise_max_pos_std_m": 0.001,
        "measurement_noise_max_pos_std_mm": 1.0
    },
    "xi_mount_cam": [
        0.0,
        0.0,
        0.0,
        0.0,
        0.0,
        0.0
    ]
}