{
    "joint_offset_deg": [
        2.8174290659330543,
        2.13423620410092e-10,
        1.1928101872795074,
        2.9990000011752684,
        -3.1001013083601077,
        0.0009999985440444189,
        1.9926139951130857,
        -2.1139867183765744,
        -1.0700296735826507,
        2.866411748977272,
        3.9990000008869426,
        -4.115288500941635,
        0.0009999993301645148,
        -2.358885012433953
    ],
    "right_arm_joint_offset_deg": [
        2.8174290659330543,
        2.13423620410092e-10,
        1.1928101872795074,
        2.9990000011752684,
        -3.1001013083601077,
        0.0009999985440444189,
        1.9926139951130857
    ],
    "left_arm_joint_offset_deg": [
        -2.1139867183765744,
        -1.0700296735826507,
        2.866411748977272,
        3.9990000008869426,
        -4.115288500941635,
        0.0009999993301645148,
        -2.358885012433953
    ],
    "head_joint_offset_deg": null,
    "xi_cam": [
        0.0,
        0.0,
        0.0,
        0.0,
        0.0,
        0.0
    ],
    "measurement_noise": {
        "measurement_noise_enabled": true,
        "measurement_noise_rot_std_rad": 0.029638367162094434,
        "measurement_noise_rot_std_deg": 1.6981533500471422,
        "measurement_noise_pos_std_m": 0.000999969482421875,
        "measurement_noise_pos_std_mm": 0.9999694824218751,
        "measurement_noise_max_rot_std_rad": 0.03490658503988659,
        "measurement_noise_max_rot_std_deg": 2.0,
        "measurement_noise_max_pos_std_m": 0.001,
        "measurement_noise_max_pos_std_mm": 1.0
    },
    "xi_head_base_cam": [
        0.0,
        0.0,
        0.0,
        0.0,
        0.0,
        0.0
    ]
}