{
    "joint_offset_deg": [
        3.0185178511739794,
        0.05459790484165384,
        0.9364718290717526,
        1.8578099299573745,
        -3.058728616808222,
        0.5729577940021843,
        1.7563961480364354,
        -1.9940945129495207,
        -0.8434710599665675,
        3.0469767784630877,
        1.844965012432396,
        -3.984101262299563,
        0.572957794007381,
        -2.6748756283842887
    ],
    "right_arm_joint_offset_deg": [
        3.0185178511739794,
        0.05459790484165384,
        0.9364718290717526,
        1.8578099299573745,
        -3.058728616808222,
        0.5729577940021843,
        1.7563961480364354
    ],
    "left_arm_joint_offset_deg": [
        -1.9940945129495207,
        -0.8434710599665675,
        3.0469767784630877,
        1.844965012432396,
        -3.984101262299563,
        0.572957794007381,
        -2.6748756283842887
    ],
    "head_joint_offset_deg": null,
    "xi_cam": [
        0.0,
        0.0,
        0.0,
        0.0,
        0.0,
        0.0
    ],
    "measurement_noise": {
        "measurement_noise_enabled": true,
        "measurement_noise_rot_std_rad": 0.01781105475147217,
        "measurement_noise_rot_std_deg": 1.0204982659357866,
        "measurement_noise_pos_std_m": 0.0009999999701976775,
        "measurement_noise_pos_std_mm": 0.9999999701976775,
        "measurement_noise_max_rot_std_rad": 0.03490658503988659,
        "measurement_noise_max_rot_std_deg": 2.0,
        "measurement_noise_max_pos_std_m": 0.001,
        "measurement_noise_max_pos_std_mm": 1.0
    },
    "xi_head_base_cam": [
        0.0,
        0.0,
        0.0,
        0.0,
        0.0,
        0.0
    ]
}